note,model_type,n_params,MSE,MAE,RMSE,r
ADense_v3_large,dense,11215,0.30589855909347535,0.4142801821231842,0.535733733616006,0.6804015738469706
