note,model_type,n_params,MSE,MAE,RMSE,r
ACNN_v1,cnn,2145,0.20377471521496773,0.36416110396385193,0.4449960966352829,0.7229249561806336
ADense_v1,dense,8695,0.2182179257273674,0.3746877580881119,0.4587413427753225,0.7082091333660332
ADense_v2,dense,8695,0.2624202862381935,0.4113771229982376,0.5084109095421692,0.6727429209661945
ARNN_LSTM,rnn,12193,0.26762050837278367,0.4077914834022522,0.5091088056092744,0.6683898400269719
ACNN_v2,cnn,1401,0.27386705204844475,0.41965276598930357,0.511347828641772,0.6225776465832302
ARNN_GRU,rnn,9153,0.3312644585967064,0.44991437792778016,0.5568988541149762,0.5934015948503347
