fold,AUC,accuracy,precision,recall,TP,FP,TN,FN
1,1.0,0.9090909090909091,0.875,1.0,7,1,3,0
2,1.0,1.0,1.0,1.0,7,0,4,0
3,1.0,1.0,1.0,1.0,7,0,4,0
4,1.0,0.9090909090909091,0.875,1.0,7,1,3,0
5,1.0,1.0,1.0,1.0,7,0,4,0
6,1.0,0.9090909090909091,1.0,0.8571428571428571,6,0,4,1
7,1.0,1.0,1.0,1.0,8,0,3,0
8,1.0,0.9090909090909091,0.875,1.0,7,1,3,0
9,1.0,1.0,1.0,1.0,6,0,5,0
10,1.0,1.0,1.0,1.0,8,0,3,0
